,col,component
0,0,weekly
1,1,weekly
2,2,weekly
3,3,weekly
4,4,weekly
5,5,weekly
6,6,weekly
7,7,weekly
8,8,weekly
9,9,weekly
10,10,weekly
11,11,weekly
12,12,weekly
13,13,weekly
14,14,daily
15,15,daily
16,16,daily
17,17,daily
18,18,daily
19,19,daily
20,20,daily
21,21,daily
0,0,additive_terms
1,1,additive_terms
2,2,additive_terms
3,3,additive_terms
4,4,additive_terms
5,5,additive_terms
6,6,additive_terms
7,7,additive_terms
8,8,additive_terms
9,9,additive_terms
10,10,additive_terms
11,11,additive_terms
12,12,additive_terms
13,13,additive_terms
14,14,additive_terms
15,15,additive_terms
16,16,additive_terms
17,17,additive_terms
18,18,additive_terms
19,19,additive_terms
20,20,additive_terms
21,21,additive_terms
