,col,component
0,0,weekly
1,1,weekly
2,2,weekly
3,3,weekly
4,4,weekly
5,5,weekly
6,6,daily
7,7,daily
8,8,daily
9,9,daily
10,10,daily
11,11,daily
12,12,daily
13,13,daily
14,14,US Bank holiday
0,14,holidays
0,0,additive_terms
1,1,additive_terms
2,2,additive_terms
3,3,additive_terms
4,4,additive_terms
5,5,additive_terms
6,6,additive_terms
7,7,additive_terms
8,8,additive_terms
9,9,additive_terms
10,10,additive_terms
11,11,additive_terms
12,12,additive_terms
13,13,additive_terms
14,14,additive_terms
